{"cameraMode":{"drawMode":0,"name":"Shaded","section":"Shading Mode"},"sceneLighting":true,"audioPlay":false,"sceneViewState":{"m_AlwaysRefresh":false,"showFog":true,"showSkybox":true,"showFlares":true,"showImageEffects":true,"showParticleSystems":true,"showVisualEffectGraphs":true,"m_FxEnabled":true},"in2DMode":false,"pivot":{"x":19.745023727416993,"y":-0.4909273386001587,"z":10.544357299804688},"rotation":{"x":-0.1967504322528839,"y":0.05056335777044296,"z":-0.010160835459828377,"w":-0.979097306728363},"size":9.655928611755371,"orthographic":false}